ProductID,ProductName,Category,Price
P7000,Cultivate Visionary E-Business,Service,1326.74
P7001,Architect Vertical Systems,Service,3637.19
P7002,Incubate Cutting-Edge Roi,Service,1681.96
P7003,Seize Cutting-Edge Communities,Software,1172.6
P7004,Benchmark Intuitive Communities,Software,1257.59
P7005,Grow Wireless E-Commerce,Software,323.19
P7006,Expedite B2C Partnerships,Service,3114.29
P7007,Transition Magnetic Deliverables,Software,1976.04
P7008,Revolutionize Efficient Interfaces,Service,1311.11
P7009,Unleash Innovative Technologies,Software,2672.91
P7010,Repurpose Plug-And-Play Systems,Hardware,4517.17
P7011,Envisioneer End-To-End Content,Hardware,1130.76
P7012,Maximize Virtual Eyeballs,Service,3115.2
P7013,Matrix Cross-Platform Supply-Chains,Service,4430.26
P7014,Envisioneer Proactive Applications,Hardware,1751.75
P7015,Deliver Compelling Platforms,Software,2328.29
P7016,Enhance Enterprise E-Business,Hardware,2609.52
P7017,Incentivize Extensible Methodologies,Service,1841.04
P7018,Embrace Cross-Platform E-Business,Hardware,2354.13
P7019,Enhance Collaborative Info-Mediaries,Service,4709.86
P7020,Optimize Distributed Relationships,Software,4874.95
P7021,Deploy Visionary Initiatives,Hardware,252.21
P7022,Integrate Innovative Web Services,Software,2474.64
P7023,Streamline Seamless Functionalities,Hardware,4197.46
P7024,Evolve Open-Source Communities,Service,728.4
P7025,Disintermediate Frictionless Systems,Service,739.96
P7026,Exploit Bricks-And-Clicks Infrastructures,Service,4415.22
P7027,Streamline End-To-End Partnerships,Hardware,227.14
P7028,Reinvent Virtual Users,Software,1938.56
P7029,Synthesize Mission-Critical Schemas,Hardware,1654.65
P7030,Harness Cross-Media E-Business,Hardware,3409.03
P7031,Streamline Granular Experiences,Service,4839.16
P7032,Disintermediate Leading-Edge Interfaces,Hardware,4043.15
P7033,Monetize Virtual Partnerships,Service,3032.46
P7034,Architect Proactive Channels,Hardware,2515.92
P7035,Deliver Compelling Solutions,Software,2976.51
P7036,Expedite Efficient Paradigms,Service,1560.09
P7037,Extend Holistic Applications,Hardware,463.14
P7038,Leverage Virtual Functionalities,Service,3871.02
P7039,Matrix Web-Enabled Solutions,Service,2427.37
